OBJECTID,lat,lon,Count
1,38.79815112160,-77.03683433780,0
2,38.79815248890,-77.03222961470,0
3,38.80175452830,-77.03683620510,0
4,38.80175589560,-77.03223125010,0
5,38.80535793310,-77.03683807260,0
6,38.80535930050,-77.03223288560,0
7,38.80536048600,-77.02762769850,0
8,38.80536148980,-77.02302251120,2
9,38.80896133600,-77.03683994030,0
10,38.80896270330,-77.03223452130,0
11,38.80896388880,-77.02762910220,0
12,38.80896489260,-77.02302368300,4
13,38.81256473690,-77.03684180810,0
14,38.81256610420,-77.03223615720,0
15,38.81256728970,-77.02763050610,3
16,38.81256829340,-77.02302485490,4
17,38.81256911540,-77.01841920350,6
18,38.81256975550,-77.01381355210,7
19,38.81616813580,-77.03684367620,0
20,38.81616950310,-77.03223779320,0
21,38.81617068860,-77.02763191010,12
22,38.81617169230,-77.02302602690,12
23,38.81617251420,-77.01842014360,12
24,38.81617315430,-77.01381426010,24
25,38.81976998360,-77.04145165920,0
26,38.81977153280,-77.03684554440,0
27,38.81977290010,-77.03223942940,0
28,38.81977408550,-77.02763331430,7
29,38.81977508920,-77.02302719910,28
30,38.81977591110,-77.01842108370,35
31,38.81977655110,-77.01381496820,25
32,38.81977700930,-77.00920885270,22
33,38.81977728570,-77.00460273710,3
34,38.82337337860,-77.04145375960,0
35,38.82337492770,-77.03684741280,0
36,38.82337629500,-77.03224106580,0
37,38.82337748040,-77.02763471860,6
38,38.82337848410,-77.02302837130,50
39,38.82337930590,-77.01842202390,38
40,38.82337994590,-77.01381567640,28
41,38.82338040410,-77.00920932880,29
42,38.82338068040,-77.00460298120,12
43,38.82697832060,-77.03684928140,0
44,38.82697968790,-77.03224270230,0
45,38.82698087330,-77.02763612310,9
46,38.82698187690,-77.02302954370,20
47,38.82698269870,-77.01842296420,38
48,38.82698333870,-77.01381638460,24
49,38.82698379680,-77.00920980500,26
50,38.82698407310,-77.00460322520,17
51,38.82698416760,-76.99999664550,39
52,38.82698408820,-76.99539007550,25
53,38.83057843130,-77.04606477200,0
54,38.83058016230,-77.04145796120,0
55,38.83058171140,-77.03685115020,0
56,38.83058307870,-77.03224433900,0
57,38.83058426420,-77.02763752770,0
58,38.83058526780,-77.02303071620,14
59,38.83058608950,-77.01842390460,19
60,38.83058672940,-77.01381709290,33
61,38.83058718750,-77.00921028120,39
62,38.83058746370,-77.00460346940,39
63,38.83058755810,-76.99999665750,34
64,38.83058747860,-76.99538985510,41
65,38.83418182010,-77.04606710520,0
66,38.83418355110,-77.04146006230,0
67,38.83418510020,-77.03685301920,0
68,38.83418646750,-77.03224597590,0
69,38.83418765300,-77.02763893240,0
70,38.83418865650,-77.02303188880,17
71,38.83418947830,-77.01842484510,23
72,38.83419011810,-77.01381780130,19
73,38.83419057610,-77.00921075740,30
74,38.83419085230,-77.00460371350,49
75,38.83419094660,-76.99999666950,22
76,38.83419086700,-76.99538963460,23
77,38.83419060540,-76.99078259980,84
78,38.83419016210,-76.98617556500,28
79,38.83778520690,-77.04606943870,0
80,38.83778693790,-77.04146216360,0
81,38.83778848700,-77.03685488840,0
82,38.83778985430,-77.03224761290,0
83,38.83779103970,-77.02764033730,0
84,38.83779204320,-77.02303306160,16
85,38.83779286490,-77.01842578570,32
86,38.83779350480,-77.01381850980,29
87,38.83779396270,-77.00921123370,15
88,38.83779423880,-77.00460395760,55
89,38.83779433310,-76.99999668150,24
90,38.83779425330,-76.99538941420,20
91,38.83779399160,-76.99078214690,33
92,38.83779354810,-76.98617487960,12
93,38.84138859150,-77.04607177240,0
94,38.84139032250,-77.04146426520,0
95,38.84139187170,-77.03685675770,0
96,38.84139323890,-77.03224925010,0
97,38.84139442430,-77.02764174230,0
98,38.84139542790,-77.02303423440,14
99,38.84139624950,-77.01842672640,29
100,38.84139688930,-77.01381921830,36
101,38.84139734720,-77.00921171010,21
102,38.84139762330,-77.00460420180,53
103,38.84139771750,-76.99999669350,53
104,38.84139763750,-76.99538919370,33
105,38.84139737570,-76.99078169400,67
106,38.84139693200,-76.98617419420,36
107,38.84139630640,-76.98156669450,11
108,38.84139549900,-76.97695919500,7
109,38.84499662150,-77.03225088750,0
110,38.84499780690,-77.02764314750,0
111,38.84499881040,-77.02303540740,1
112,38.84499963200,-77.01842766720,40
113,38.84500027180,-77.01381992690,20
114,38.84500072960,-77.00921218650,26
115,38.84500100560,-77.00460444600,22
116,38.84500109970,-76.99999670560,67
117,38.84500101960,-76.99538897320,81
118,38.84500075770,-76.99078124100,58
119,38.84500031380,-76.98617350870,53
120,38.84499968810,-76.98156577660,37
121,38.84499888050,-76.97695804450,24
122,38.84860000200,-77.03225252500,0
123,38.84860118730,-77.02764455280,0
124,38.84860219080,-77.02303658050,0
125,38.84860301240,-77.01842860800,5
126,38.84860365210,-77.01382063550,9
127,38.84860410990,-77.00921266290,21
128,38.84860438590,-77.00460469020,29
129,38.84860447990,-76.99999671760,33
130,38.84860439970,-76.99538875270,38
131,38.84860413760,-76.99078078790,18
132,38.84860369360,-76.98617282320,17
133,38.84860306770,-76.98156485850,89
134,38.84860225990,-76.97695689390,36
135,38.84860127020,-76.97234892940,37
136,38.84860009870,-76.96774096500,15
137,38.85220338030,-77.03225416270,0
138,38.85220456560,-77.02764595830,0
139,38.85220556910,-77.02303775370,0
140,38.85220639070,-77.01842954900,2
141,38.85220703030,-77.01382134420,17
142,38.85220748810,-77.00921313940,10
143,38.85220776400,-77.00460493450,4
144,38.85220785790,-76.99999672960,23
145,38.85220777760,-76.99538853220,22
146,38.85220751530,-76.99078033480,6
147,38.85220707120,-76.98617213750,22
148,38.85220644510,-76.98156394030,45
149,38.85220563720,-76.97695574310,35
150,38.85220464730,-76.97234754610,58
151,38.85220347560,-76.96773934920,29
152,38.85580538920,-77.03686423700,0
153,38.85580675650,-77.03225580050,0
154,38.85580794180,-77.02764736380,0
155,38.85580894530,-77.02303892700,0
156,38.85580976680,-77.01843049010,0
157,38.85581040640,-77.01382205300,8
158,38.85581086410,-77.00921361590,9
159,38.85581113990,-77.00460517880,9
160,38.85581123380,-76.99999674160,14
161,38.85581115330,-76.99538831160,29
162,38.85581089090,-76.99077988170,18
163,38.85581044660,-76.98617145180,44
164,38.85580982040,-76.98156302200,37
165,38.85580901230,-76.97695459230,14
166,38.85580802230,-76.97234616270,41
167,38.85580685030,-76.96773773320,28
168,38.85580549650,-76.96312930390,24
169,38.85580396080,-76.95852087480,36
170,38.85940876330,-77.03686610730,0
171,38.85941013050,-77.03225743850,0
172,38.85941131590,-77.02764876960,0
173,38.85941231930,-77.02304010050,6
174,38.85941314080,-77.01843143120,0
175,38.85941378040,-77.01382276190,11
176,38.85941423800,-77.00921409250,18
177,38.85941451380,-77.00460542310,16
178,38.85941460760,-76.99999675360,69
179,38.85941452700,-76.99538809110,40
180,38.85941426440,-76.99077942850,37
181,38.85941382000,-76.98617076610,79
182,38.85941319360,-76.98156210370,12
183,38.85941238530,-76.97695344130,0
184,38.85941139510,-76.97234477920,25
185,38.85941022300,-76.96773611710,34
186,38.85940886890,-76.96312745520,30
187,38.85940733300,-76.95851879350,50
188,38.86301058600,-77.04147687880,0
189,38.86301213520,-77.03686797780,0
190,38.86301350240,-77.03225907670,0
191,38.86301468770,-77.02765017540,1
192,38.86301569110,-77.02304127400,5
193,38.86301651260,-77.01843237250,7
194,38.86301715210,-77.01382347080,12
195,38.86301760970,-77.00921456910,8
196,38.86301788540,-77.00460566740,13
197,38.86301797920,-76.99999676560,55
198,38.86301789840,-76.99538787050,40
199,38.86301763570,-76.99077897530,66
200,38.86301719110,-76.98617008020,47
201,38.86301656460,-76.98156118520,48
202,38.86301575610,-76.97695229030,23
203,38.86301476570,-76.97234339550,20
204,38.86301359340,-76.96773450080,18
205,38.86301223920,-76.96312560630,81
206,38.86301070300,-76.95851671200,54
207,38.86300898490,-76.95390781780,37
208,38.86300708490,-76.94929892400,37
209,38.86661550490,-77.03686984850,0
210,38.86661687210,-77.03226071500,0
211,38.86661805740,-77.02765158140,1
212,38.86661906080,-77.02304244770,1
213,38.86661988220,-77.01843331380,8
214,38.86662052170,-77.01382417990,20
215,38.86662097930,-77.00921504580,13
216,38.86662125490,-77.00460591170,23
217,38.86662134860,-76.99999677760,21
218,38.86662126770,-76.99538764980,12
219,38.86662100490,-76.99077852200,40
220,38.86662056010,-76.98616939430,50
221,38.86661993340,-76.98156026660,72
222,38.86661912470,-76.97695113910,62
223,38.86661813420,-76.97234201160,33
224,38.86661696170,-76.96773288430,36
225,38.86661560720,-76.96312375720,25
226,38.86661407080,-76.95851463020,44
227,38.86661235250,-76.95390550340,16
228,38.86661045230,-76.94929637690,43
229,38.87021367910,-77.05069981550,0
230,38.87021559220,-77.04609045040,0
231,38.87021732330,-77.04148108500,0
232,38.87021887240,-77.03687171940,0
233,38.87022023960,-77.03226235360,1
234,38.87022142490,-77.02765298760,1
235,38.87022242830,-77.02304362150,1
236,38.87022324970,-77.01843425530,15
237,38.87022388910,-77.01382488890,40
238,38.87022434660,-77.00921552250,36
239,38.87022462220,-77.00460615610,4
240,38.87022471580,-76.99999678960,12
241,38.87022463480,-76.99538742920,6
242,38.87022437180,-76.99077806870,22
243,38.87022392690,-76.98616870830,29
244,38.87022330000,-76.98155934800,78
245,38.87022249120,-76.97694998780,76
246,38.87022150040,-76.97234062760,87
247,38.87022032770,-76.96773126770,63
248,38.87021897310,-76.96312190790,25
249,38.87021743650,-76.95851254820,24
250,38.87021571800,-76.95390318880,20
251,38.87021381750,-76.94929382960,21
252,38.87021173510,-76.94468447070,34
253,38.87020947080,-76.94007511210,54
254,38.87381704440,-77.05070238370,1
255,38.87381895750,-77.04609278620,2
256,38.87382068860,-77.04148318840,6
257,38.87382223770,-77.03687359040,0
258,38.87382360500,-77.03226399220,3
259,38.87382479020,-77.02765439390,3
260,38.87382579350,-77.02304479540,1
261,38.87382661490,-77.01843519680,18
262,38.87382725430,-77.01382559810,55
263,38.87382771180,-77.00921599930,51
264,38.87382798730,-77.00460640050,11
265,38.87382808080,-76.99999680160,8
266,38.87382799970,-76.99538720850,46
267,38.87382773650,-76.99077761540,37
268,38.87382729140,-76.98616802230,3
269,38.87382666440,-76.98155842930,16
270,38.87382585540,-76.97694883630,57
271,38.87382486450,-76.97233924350,99
272,38.87382369160,-76.96772965090,76
273,38.87382233670,-76.96312005840,40
274,38.87382079990,-76.95851046610,23
275,38.87381908120,-76.95390087400,14
276,38.87381718050,-76.94929128210,11
277,38.87381509790,-76.94468169050,3
278,38.87381283330,-76.94007209910,16
279,38.87741831240,-77.05531478190,0
280,38.87742040740,-77.05070495220,4
281,38.87742232050,-77.04609512220,2
282,38.87742405170,-77.04148529200,5
283,38.87742560080,-77.03687546160,23
284,38.87742696800,-77.03226563110,12
285,38.87742815330,-77.02765580030,6
286,38.87742915660,-77.02304596940,16
287,38.87742997790,-77.01843613840,18
288,38.87743061730,-77.01382630730,42
289,38.87743107470,-77.00921647610,59
290,38.87743135010,-77.00460664490,42
291,38.87743144360,-76.99999681370,62
292,38.87743136230,-76.99538698780,57
293,38.87743109900,-76.99077716200,59
294,38.87743065380,-76.98616733620,55
295,38.87743002660,-76.98155751040,29
296,38.87742921740,-76.97694768480,12
297,38.87742822630,-76.97233785930,14
298,38.87742705320,-76.96772803390,34
299,38.87742569820,-76.96311820870,74
300,38.87742416120,-76.95850838370,22
301,38.87742244220,-76.95389855880,9
302,38.87742054130,-76.94928873430,5
303,38.87741845840,-76.94467890990,23
304,38.87741619360,-76.94006908590,38
305,38.87741374680,-76.93545926220,54
306,38.87741111800,-76.93084943880,47
307,38.88101939610,-77.05992764480,5
308,38.88102167320,-77.05531758300,10
309,38.88102376830,-77.05070752090,2
310,38.88102568140,-77.04609745850,1
311,38.88102741250,-77.04148739590,3
312,38.88102896170,-77.03687733310,19
313,38.88103032890,-77.03226727000,34
314,38.88103151410,-77.02765720690,28
315,38.88103251740,-77.02304714360,58
316,38.88103333870,-77.01843708010,35
317,38.88103397800,-77.01382701660,35
318,38.88103443540,-77.00921695300,31
319,38.88103471080,-77.00460688930,35
320,38.88103480420,-76.99999682570,71
321,38.88103472270,-76.99538676710,75
322,38.88103445930,-76.99077670850,47
323,38.88103401390,-76.98616665000,76
324,38.88103338650,-76.98155659150,68
325,38.88103257720,-76.97694653310,23
326,38.88103158590,-76.97233647490,19
327,38.88103041260,-76.96772641680,12
328,38.88102905740,-76.96311635880,47
329,38.88102752020,-76.95850630110,25
330,38.88102580100,-76.95389624350,6
331,38.88102389980,-76.94928618620,8
332,38.88102181670,-76.94467612910,47
333,38.88101955160,-76.94006607240,57
334,38.88101710460,-76.93545601590,22
335,38.88101447560,-76.93084595980,40
336,38.88462029550,-77.06454097270,0
337,38.88462275460,-77.05993067870,21
338,38.88462503170,-77.05532038440,2
339,38.88462712680,-77.05071008980,7
340,38.88462904000,-77.04609979500,6
341,38.88463077110,-77.04148949990,0
342,38.88463232030,-77.03687920470,3
343,38.88463368750,-77.03226890920,44
344,38.88463487270,-77.02765861360,44
345,38.88463587590,-77.02304831780,36
346,38.88463669720,-77.01843802190,31
347,38.88463733650,-77.01382772600,52
348,38.88463779380,-77.00921742990,36
349,38.88463806910,-77.00460713380,55
350,38.88463816250,-76.99999683770,62
351,38.88463808090,-76.99538654630,69
352,38.88463781730,-76.99077625500,87
353,38.88463737180,-76.98616596370,62
354,38.88463674420,-76.98155567250,118
355,38.88463593470,-76.97694538130,45
356,38.88463494320,-76.97233509030,22
357,38.88463376980,-76.96772479950,1
358,38.88463241430,-76.96311450880,19
359,38.88463087690,-76.95850421820,55
360,38.88462915750,-76.95389392790,19
361,38.88462725610,-76.94928363790,28
362,38.88462517280,-76.94467334810,42
363,38.88462290740,-76.94006305850,41
364,38.88462046010,-76.93545276930,32
365,38.88461783090,-76.93084248040,38
366,38.88461501960,-76.92623219180,39
367,38.88461202630,-76.92162190370,32
368,38.88822365170,-77.06454423930,3
369,38.88822611080,-77.05993371280,10
370,38.88822838800,-77.05532318610,1
371,38.88823048310,-77.05071265900,32
372,38.88823239630,-77.04610213170,10
373,38.88823412740,-77.04149160420,19
374,38.88823567660,-77.03688107650,16
375,38.88823704380,-77.03227054850,18
376,38.88823822900,-77.02766002040,15
377,38.88823923220,-77.02304949220,20
378,38.88824005350,-77.01843896380,15
379,38.88824069270,-77.01382843540,31
380,38.88824115000,-77.00921790690,20
381,38.88824142520,-77.00460737830,16
382,38.88824151850,-76.99999684970,71
383,38.88824143680,-76.99538632560,81
384,38.88824117310,-76.99077580140,82
385,38.88824072740,-76.98616527740,64
386,38.88824009970,-76.98155475340,102
387,38.88823929000,-76.97694422950,62
388,38.88823829830,-76.97233370570,53
389,38.88823712470,-76.96772318200,17
390,38.88823576900,-76.96311265850,11
391,38.88823423140,-76.95850213520,31
392,38.88823251180,-76.95389161210,47
393,38.88823061020,-76.94928108930,27
394,38.88822852660,-76.94467056670,11
395,38.88822626100,-76.94006004440,30
396,38.88822381340,-76.93544952240,42
397,38.88822118390,-76.93083900070,46
398,38.88821837230,-76.92622847930,55
399,38.88821537880,-76.92161795840,52
400,38.89182700560,-77.06454750630,8
401,38.89182946480,-77.05993674730,2
402,38.89183174200,-77.05532598810,22
403,38.89183383710,-77.05071522850,41
404,38.89183575030,-77.04610446870,11
405,38.89183748150,-77.04149370870,15
406,38.89183903070,-77.03688294850,7
407,38.89184039790,-77.03227218800,15
408,38.89184158310,-77.02766142740,17
409,38.89184258630,-77.02305066670,15
410,38.89184340750,-77.01843990580,19
411,38.89184404670,-77.01382914490,43
412,38.89184450390,-77.00921838390,37
413,38.89184477910,-77.00460762280,30
414,38.89184487230,-76.99999686170,67
415,38.89184479040,-76.99538610480,75
416,38.89184452650,-76.99077534780,77
417,38.89184408070,-76.98616459100,65
418,38.89184345280,-76.98155383410,98
419,38.89184264300,-76.97694307740,68
420,38.89184165110,-76.97233232080,30
421,38.89184047730,-76.96772156440,7
422,38.89183912140,-76.96311080810,8
423,38.89183758360,-76.95850005200,82
424,38.89183586370,-76.95388929610,63
425,38.89183396190,-76.94927854040,39
426,38.89183187810,-76.94466778500,31
427,38.89182961230,-76.94005702990,42
428,38.89182716440,-76.93544627510,78
429,38.89182453460,-76.93083552060,67
430,38.89182172280,-76.92622476650,58
431,38.89181872900,-76.92161401270,31
432,38.89181555320,-76.91700325940,33
433,38.89181219540,-76.91239250640,45
434,38.89543035720,-77.06455077360,0
435,38.89543281650,-77.05993978210,0
436,38.89543509370,-77.05532879030,35
437,38.89543718890,-77.05071779830,57
438,38.89543910210,-77.04610680590,48
439,38.89544083330,-77.04149581340,33
440,38.89544238240,-77.03688482060,21
441,38.89544374960,-77.03227382770,22
442,38.89544493480,-77.02766283460,29
443,38.89544593800,-77.02305184130,34
444,38.89544675910,-77.01844084790,23
445,38.89544739830,-77.01382985450,64
446,38.89544785550,-77.00921886090,46
447,38.89544813060,-77.00460786730,38
448,38.89544822380,-76.99999687370,91
449,38.89544814170,-76.99538588390,97
450,38.89544787770,-76.99077489420,120
451,38.89544743170,-76.98616390450,103
452,38.89544680370,-76.98155291480,96
453,38.89544599370,-76.97694192530,112
454,38.89544500160,-76.97233093590,49
455,38.89544382760,-76.96771994660,6
456,38.89544247150,-76.96310895750,1
457,38.89544093350,-76.95849796850,60
458,38.89543921340,-76.95388697980,47
459,38.89543731140,-76.94927599130,30
460,38.89543522730,-76.94466500310,6
461,38.89543296120,-76.94005401510,70
462,38.89543051320,-76.93544302750,66
463,38.89542788310,-76.93083204020,36
464,38.89542507100,-76.92622105320,45
465,38.89542207690,-76.92161006660,34
466,38.89541890080,-76.91699908040,52
467,38.89902824200,-77.07377648820,0
468,38.89903106530,-77.06916526490,1
469,38.89903370650,-77.06455404120,0
470,38.89903616580,-77.05994281720,2
471,38.89903844310,-77.05533159280,50
472,38.89904053830,-77.05072036820,52
473,38.89904245150,-77.04610914340,39
474,38.89904418270,-77.04149791830,44
475,38.89904573190,-77.03688669300,30
476,38.89904709910,-77.03227546750,42
477,38.89904828420,-77.02766424180,57
478,38.89904928740,-77.02305301600,37
479,38.89905010850,-77.01844179010,50
480,38.89905074760,-77.01383056410,70
481,38.89905120470,-77.00921933800,22
482,38.89905147980,-77.00460811190,14
483,38.89905157290,-76.99999688570,90
484,38.89905149080,-76.99538566310,76
485,38.89905122660,-76.99077444050,77
486,38.89905078040,-76.98616321790,80
487,38.89905015220,-76.98155199540,67
488,38.89904934200,-76.97694077300,106
489,38.89904834980,-76.97232955080,48
490,38.89904717560,-76.96771832860,7
491,38.89904581930,-76.96310710670,1
492,38.89904428110,-76.95849588490,7
493,38.89904256080,-76.95388466330,10
494,38.89904065850,-76.94927344200,42
495,38.89903857420,-76.94466222090,36
496,38.89903630790,-76.94005100010,56
497,38.89903385960,-76.93543977960,56
498,38.89903122920,-76.93082855940,56
499,38.89902841690,-76.92621733960,40
500,38.89902542250,-76.92160612020,48
501,38.90261847520,-77.09222604090,0
502,38.90262202660,-77.08761458660,0
503,38.90262539600,-77.08300313190,0
504,38.90262858340,-77.07839167680,0
505,38.90263158880,-77.07378022130,0
506,38.90263441220,-77.06916876540,10
507,38.90263705350,-77.06455730910,30
508,38.90263951280,-77.05994585260,37
509,38.90264179010,-77.05533439570,67
510,38.90264388540,-77.05072293850,91
511,38.90264579860,-77.04611148110,64
512,38.90264752980,-77.04150002340,66
513,38.90264907900,-77.03688856550,60
514,38.90265044620,-77.03227710750,68
515,38.90265163140,-77.02766564920,78
516,38.90265263450,-77.02305419090,35
517,38.90265345560,-77.01844273240,55
518,38.90265409470,-77.01383127380,31
519,38.90265455170,-77.00921981520,28
520,38.90265482670,-77.00460835650,22
521,38.90265491980,-76.99999689770,96
522,38.90265483750,-76.99538544220,102
523,38.90265457320,-76.99077398680,105
524,38.90265412680,-76.98616253130,89
525,38.90265349850,-76.98155107600,95
526,38.90265268810,-76.97693962070,60
527,38.90265169570,-76.97232816550,25
528,38.90265052130,-76.96771671050,0
529,38.90264916480,-76.96310525570,0
530,38.90264762640,-76.95849380100,1
531,38.90264590590,-76.95388234650,4
532,38.90264400330,-76.94927089230,49
533,38.90264191880,-76.94465943840,46
534,38.90263965220,-76.94004798470,51
535,38.90263720360,-76.93543653130,72
536,38.90263457300,-76.93082507830,53
537,38.90263176040,-76.92621362560,47
538,38.90621808570,-77.09684239110,0
539,38.90622181930,-77.09223070470,1
540,38.90622537090,-77.08761901780,9
541,38.90622874040,-77.08300733060,33
542,38.90623192790,-77.07839564290,5
543,38.90623493340,-77.07378395470,14
544,38.90623775680,-77.06917226630,56
545,38.90624039820,-77.06456057740,65
546,38.90624285750,-77.05994888820,59
547,38.90624513490,-77.05533719880,33
548,38.90624723020,-77.05072550900,40
549,38.90624914340,-77.04611381900,67
550,38.90625087460,-77.04150212870,66
551,38.90625242380,-77.03689043830,98
552,38.90625379100,-77.03227874760,65
553,38.90625497610,-77.02766705680,77
554,38.90625597920,-77.02305536580,48
555,38.90625680030,-77.01844367480,39
556,38.90625743930,-77.01383198360,63
557,38.90625789630,-77.00922029240,69
558,38.90625817130,-77.00460860110,17
559,38.90625826430,-76.99999690970,75
560,38.90625818180,-76.99538522130,48
561,38.90625791740,-76.99077353300,56
562,38.90625747090,-76.98616184460,93
563,38.90625684240,-76.98155015640,93
564,38.90625603180,-76.97693846820,43
565,38.90625503920,-76.97232678010,20
566,38.90625386460,-76.96771509220,25
567,38.90625250800,-76.96310340450,1
568,38.90625096930,-76.95849171690,0
569,38.90624924860,-76.95388002960,8
570,38.90624734580,-76.94926834240,17
571,38.90624526110,-76.94465665560,46
572,38.90624299420,-76.94004496900,68
573,38.90624054540,-76.93543328270,63
574,38.90623791450,-76.93082159680,60
575,38.90981751170,-77.10145920650,0
576,38.90982142740,-77.09684728800,1
577,38.90982516110,-77.09223536900,2
578,38.90982871280,-77.08762344950,53
579,38.90983208240,-77.08301152960,68
580,38.90983527000,-77.07839960930,9
581,38.90983827550,-77.07378768860,13
582,38.90984109900,-77.06917576750,50
583,38.90984374050,-77.06456384600,52
584,38.90984619990,-77.05995192420,66
585,38.90984847720,-77.05534000210,35
586,38.90985057260,-77.05072807980,52
587,38.90985248590,-77.04611615710,83
588,38.90985421710,-77.04150423430,54
589,38.90985576630,-77.03689231120,76
590,38.90985713350,-77.03228038790,53
591,38.90985831860,-77.02766846450,104
592,38.90985932160,-77.02305654090,65
593,38.90986014270,-77.01844461720,50
594,38.90986078170,-77.01383269350,61
595,38.90986123860,-77.00922076960,68
596,38.90986151350,-77.00460884570,48
597,38.90986160640,-76.99999692180,17
598,38.90986152380,-76.99538500040,20
599,38.90986125920,-76.99077307910,17
600,38.90986081260,-76.98616115790,69
601,38.90986018390,-76.98154923670,73
602,38.90985937320,-76.97693731560,41
603,38.90985838040,-76.97232539460,13
604,38.90985720560,-76.96771347380,20
605,38.90985584880,-76.96310155310,4
606,38.90985430990,-76.95848963260,4
607,38.90985258890,-76.95387771230,1
608,38.90985068600,-76.94926579230,1
609,38.90984860100,-76.94465387250,0
610,38.90984633390,-76.94004195300,43
611,38.90984388480,-76.93543003380,47
612,38.91342085090,-77.10146433650,0
613,38.91342476680,-77.09685218540,3
614,38.91342850060,-77.09224003370,10
615,38.91343205230,-77.08762788170,40
616,38.91343542210,-77.08301572910,40
617,38.91343860970,-77.07840357620,28
618,38.91344161530,-77.07379142280,64
619,38.91344443890,-77.06917926910,67
620,38.91344708040,-77.06456711500,40
621,38.91344953990,-77.05995496050,47
622,38.91345181730,-77.05534280580,40
623,38.91345391260,-77.05073065080,62
624,38.91345582590,-77.04611849550,89
625,38.91345755720,-77.04150634000,101
626,38.91345910640,-77.03689418430,89
627,38.91346047350,-77.03228202840,79
628,38.91346165860,-77.02766987230,86
629,38.91346266170,-77.02305771610,69
630,38.91346348270,-77.01844555980,101
631,38.91346412160,-77.01383340340,71
632,38.91346457850,-77.00922124690,69
633,38.91346485340,-77.00460909030,35
634,38.91346494620,-76.99999693380,16
635,38.91346486350,-76.99538477950,11
636,38.91346459870,-76.99077262520,13
637,38.91346415190,-76.98616047100,40
638,38.91346352310,-76.98154831690,29
639,38.91346271220,-76.97693616290,31
640,38.91346171930,-76.97232400890,55
641,38.91346054430,-76.96771185520,18
642,38.91345918720,-76.96309970150,8
643,38.91345764810,-76.95848754810,13
644,38.91345592690,-76.95387539490,1
645,38.91345402370,-76.94926324190,0
646,38.91345193850,-76.94465108920,0
647,38.91344967120,-76.94003893670,11
648,38.91702008970,-77.10608185030,0
649,38.91702418770,-77.10146946710,7
650,38.91702810370,-77.09685708330,36
651,38.91703183770,-77.09224469900,18
652,38.91703538950,-77.08763231420,23
653,38.91703875930,-77.08301992900,5
654,38.91704194710,-77.07840754340,18
655,38.91704495280,-77.07379515740,62
656,38.91704777640,-77.06918277100,38
657,38.91705041790,-77.06457038420,13
658,38.91705287750,-77.05995799710,13
659,38.91705515490,-77.05534560980,32
660,38.91705725030,-77.05073322210,55
661,38.91705916360,-77.04612083420,49
662,38.91706089490,-77.04150844600,80
663,38.91706244410,-77.03689605760,96
664,38.91706381120,-77.03228366900,69
665,38.91706499630,-77.02767128030,88
666,38.91706599940,-77.02305889140,74
667,38.91706682030,-77.01844650250,73
668,38.91706745920,-77.01383411340,80
669,38.91706791610,-77.00922172420,74
670,38.91706819090,-77.00460933500,88
671,38.91706828360,-76.99999694580,48
672,38.91706820080,-76.99538455850,17
673,38.91706793590,-76.99077217130,11
674,38.91706748890,-76.98615978410,11
675,38.91706685990,-76.98154739700,15
676,38.91706604880,-76.97693501000,32
677,38.91706505570,-76.97232262310,30
678,38.91706388050,-76.96771023640,8
679,38.91706252330,-76.96309784980,18
680,38.91706098390,-76.95848546340,16
681,38.91705926260,-76.95387307720,11
682,38.91705735910,-76.94926069120,5
683,38.91705527370,-76.94464830550,1
684,38.92061914380,-77.11069982950,0
685,38.92062342400,-77.10608721410,0
686,38.92062752220,-77.10147459810,21
687,38.92063143830,-77.09686198170,17
688,38.92063517230,-77.09224936470,29
689,38.92063872430,-77.08763674720,18
690,38.92064209420,-77.08302412940,8
691,38.92064528200,-77.07841151110,82
692,38.92064828780,-77.07379889230,98
693,38.92065111150,-77.06918627330,20
694,38.92065375310,-77.06457365380,43
695,38.92065621270,-77.05996103410,25
696,38.92065849010,-77.05534841400,19
697,38.92066058560,-77.05073579360,18
698,38.92066249890,-77.04612317300,75
699,38.92066423020,-77.04151055220,53
700,38.92066577940,-77.03689793110,27
701,38.92066714650,-77.03228530990,61
702,38.92066833160,-77.02767268840,58
703,38.92066933460,-77.02306006690,32
704,38.92067015560,-77.01844744520,30
705,38.92067079440,-77.01383482340,61
706,38.92067125120,-77.00922220160,52
707,38.92067152600,-77.00460957970,61
708,38.92067161860,-76.99999695780,61
709,38.92067153560,-76.99538433760,16
710,38.92067127060,-76.99077171730,23
711,38.92067082350,-76.98615909720,45
712,38.92067019430,-76.98154647710,50
713,38.92066938310,-76.97693385710,27
714,38.92066838980,-76.97232123720,28
715,38.92066721440,-76.96770861740,38
716,38.92066585690,-76.96309599790,31
717,38.92066431740,-76.95848337850,20
718,38.92066259580,-76.95387075930,29
719,38.92066069210,-76.94925814030,13
720,38.92422247550,-77.11070542650,1
721,38.92422675590,-77.10609257840,9
722,38.92423085420,-77.10147972970,41
723,38.92423477040,-77.09686688050,12
724,38.92423850460,-77.09225403090,28
725,38.92424205670,-77.08764118070,12
726,38.92424542670,-77.08302833010,12
727,38.92424861460,-77.07841547910,52
728,38.92425162040,-77.07380262770,56
729,38.92425444420,-77.06918977590,55
730,38.92425708590,-77.06457692380,21
731,38.92425954550,-77.05996407130,25
732,38.92426182300,-77.05535121850,19
733,38.92426391840,-77.05073836540,34
734,38.92426583180,-77.04612551210,41
735,38.92426756310,-77.04151265860,77
736,38.92426911230,-77.03689980480,41
737,38.92427047940,-77.03228695080,39
738,38.92427166450,-77.02767409670,63
739,38.92427266750,-77.02306124240,39
740,38.92427348840,-77.01844838810,7
741,38.92427412720,-77.01383553360,15
742,38.92427458400,-77.00922267900,43
743,38.92427485860,-77.00460982440,53
744,38.92427495120,-76.99999696980,68
745,38.92427486810,-76.99538411660,39
746,38.92427460290,-76.99077126330,50
747,38.92427415570,-76.98615841010,40
748,38.92427352630,-76.98154555700,64
749,38.92427271490,-76.97693270400,24
750,38.92427172140,-76.97231985110,30
751,38.92427054580,-76.96770699830,53
752,38.92426918820,-76.96309414570,55
753,38.92426764840,-76.95848129330,21
754,38.92426592660,-76.95386844110,57
755,38.92782134230,-77.11532410440,1
756,38.92782580490,-77.11071102410,17
757,38.92783008540,-77.10609794320,48
758,38.92783418380,-77.10148486180,24
759,38.92783810020,-77.09687177990,15
760,38.92784183440,-77.09225869750,12
761,38.92784538660,-77.08764561460,22
762,38.92784875670,-77.08303253130,26
763,38.92785194470,-77.07841944760,57
764,38.92785495060,-77.07380636340,78
765,38.92785777440,-77.06919327890,35
766,38.92786041620,-77.06458019400,66
767,38.92786287580,-77.05996710880,39
768,38.92786515340,-77.05535402330,58
769,38.92786724890,-77.05074093750,14
770,38.92786916230,-77.04612785140,18
771,38.92787089360,-77.04151476520,61
772,38.92787244280,-77.03690167860,63
773,38.92787380990,-77.03228859200,36
774,38.92787499500,-77.02767550510,69
775,38.92787599790,-77.02306241810,76
776,38.92787681880,-77.01844933100,69
777,38.92787745760,-77.01383624380,29
778,38.92787791430,-77.00922315650,29
779,38.92787818890,-77.00461006920,27
780,38.92787828140,-76.99999698180,53
781,38.92787819820,-76.99538389550,67
782,38.92787793280,-76.99077080920,55
783,38.92787748540,-76.98615772300,37
784,38.92787685590,-76.98154463690,73
785,38.92787604430,-76.97693155080,36
786,38.92787505060,-76.97231846490,27
787,38.92787387490,-76.96770537910,28
788,38.92787251700,-76.96309229340,37
789,38.92787097710,-76.95847920800,30
790,38.93142002420,-77.11994324770,0
791,38.93142466900,-77.11532993520,2
792,38.93142913180,-77.11071662220,44
793,38.93143341240,-77.10610330860,37
794,38.93143751100,-77.10148999440,21
795,38.93144142750,-77.09687667980,17
796,38.93144516190,-77.09226336460,16
797,38.93144871410,-77.08765004900,24
798,38.93145208430,-77.08303673290,28
799,38.93145527240,-77.07842341640,27
800,38.93145827840,-77.07381009950,41
801,38.93146110230,-77.06919678220,13
802,38.93146374410,-77.06458346460,40
803,38.93146620380,-77.05997014660,14
804,38.93146848140,-77.05535682840,17
805,38.93147057690,-77.05074350980,7
806,38.93147249030,-77.04613019100,49
807,38.93147422160,-77.04151687200,55
808,38.93147577080,-77.03690355270,67
809,38.93147713800,-77.03229023330,58
810,38.93147832300,-77.02767691360,78
811,38.93147932590,-77.02306359390,81
812,38.93148014680,-77.01845027400,77
813,38.93148078550,-77.01383695410,25
814,38.93148124220,-77.00922363400,21
815,38.93148151670,-77.00461031390,21
816,38.93148160920,-76.99999699380,37
817,38.93148152580,-76.99538367450,38
818,38.93148126030,-76.99077035510,35
819,38.93148081270,-76.98615703580,46
820,38.93148018300,-76.98154371660,63
821,38.93147937130,-76.97693039750,36
822,38.93147837740,-76.97231707850,70
823,38.93147720150,-76.96770375960,19
824,38.93147584340,-76.96309044090,18
825,38.93502334830,-77.11994931190,0
826,38.93502799330,-77.11533576670,6
827,38.93503245620,-77.11072222090,23
828,38.93503673700,-77.10610867450,25
829,38.93504083570,-77.10149512760,20
830,38.93504475230,-77.09688158010,11
831,38.93504848680,-77.09226803220,20
832,38.93505203920,-77.08765448380,24
833,38.93505540950,-77.08304093490,35
834,38.93505859760,-77.07842738570,17
835,38.93506160370,-77.07381383600,49
836,38.93506442770,-77.06920028590,36
837,38.93506706950,-77.06458673550,27
838,38.93506952930,-77.05997318480,62
839,38.93507180690,-77.05535963370,39
840,38.93507390250,-77.05074608240,31
841,38.93507581590,-77.04613253080,29
842,38.93507754720,-77.04151897900,24
843,38.93507909640,-77.03690542690,78
844,38.93508046360,-77.03229187470,92
845,38.93508164860,-77.02767832230,53
846,38.93508265150,-77.02306476980,71
847,38.93508347230,-77.01845121710,33
848,38.93508411100,-77.01383766440,4
849,38.93508456760,-77.00922411160,8
850,38.93508484210,-77.00461055870,14
851,38.93508493450,-76.99999700580,28
852,38.93508485090,-76.99538345340,35
853,38.93508458530,-76.99076990100,32
854,38.93508413760,-76.98615634860,23
855,38.93508350770,-76.98154279630,59
856,38.93508269580,-76.97692924410,47
857,38.93508170180,-76.97231569200,91
858,38.93508052560,-76.96770214000,42
859,38.93863131520,-77.11534159880,3
860,38.93863577820,-77.11072782020,10
861,38.93864005920,-77.10611404100,10
862,38.93864415800,-77.10150026120,17
863,38.93864807470,-77.09688648100,24
864,38.93865180930,-77.09227270030,22
865,38.93865536180,-77.08765891900,29
866,38.93865873220,-77.08304513740,27
867,38.93866192040,-77.07843135530,13
868,38.93866492660,-77.07381757280,38
869,38.93866775060,-77.06920379000,55
870,38.93867039250,-77.06459000680,31
871,38.93867285230,-77.05997622320,39
872,38.93867513000,-77.05536243940,23
873,38.93867722560,-77.05074865520,7
874,38.93867913900,-77.04613487080,8
875,38.93868087040,-77.04152108620,14
876,38.93868241960,-77.03690730140,35
877,38.93868378670,-77.03229351630,74
878,38.93868497170,-77.02767973120,88
879,38.93868597460,-77.02306594580,76
880,38.93868679540,-77.01845216040,85
881,38.93868743400,-77.01383837480,28
882,38.93868789060,-77.00922458920,16
883,38.93868816500,-77.00461080350,26
884,38.93868825730,-76.99999701780,15
885,38.93868817360,-76.99538323230,50
886,38.93868790790,-76.99076944680,52
887,38.93868746000,-76.98615566130,42
888,38.93868683000,-76.98154187580,26
889,38.93868601790,-76.97692809050,76
890,38.93868502360,-76.97231430530,56
891,38.94223909770,-77.11073342000,1
892,38.94224337880,-77.10611940800,3
893,38.94224747780,-77.10150539540,19
894,38.94225139460,-77.09689138240,31
895,38.94225512930,-77.09227736880,62
896,38.94225868190,-77.08766335470,29
897,38.94226205240,-77.08304934030,33
898,38.94226524070,-77.07843532540,33
899,38.94226824690,-77.07382131010,59
900,38.94227107100,-77.06920729440,31
901,38.94227371300,-77.06459327830,28
902,38.94227617290,-77.05997926200,26
903,38.94227845060,-77.05536524530,30
904,38.94228054620,-77.05075122830,16
905,38.94228245970,-77.04613721110,16
906,38.94228419100,-77.04152319370,41
907,38.94228574020,-77.03690917600,66
908,38.94228710740,-77.03229515810,56
909,38.94228829230,-77.02768114010,37
910,38.94228929520,-77.02306712200,93
911,38.94229011590,-77.01845310370,110
912,38.94229075460,-77.01383908530,70
913,38.94229121100,-77.00922506690,20
914,38.94229148540,-77.00461104840,80
915,38.94229157770,-76.99999702990,23
916,38.94229149390,-76.99538301120,35
917,38.94229122790,-76.99076899250,84
918,38.94229077990,-76.98615497390,72
919,38.94229014970,-76.98154095530,52
920,38.94228933740,-76.97692693690,83
921,38.94584669600,-77.10612477550,0
922,38.94585079510,-77.10151053010,14
923,38.94585471200,-77.09689628420,50
924,38.94585844690,-77.09228203780,57
925,38.94586199950,-77.08766779090,57
926,38.94586537010,-77.08305354360,44
927,38.94586855850,-77.07843929580,75
928,38.94587156480,-77.07382504770,78
929,38.94587438900,-77.06921079910,38
930,38.94587703100,-77.06459655020,18
931,38.94587949090,-77.05998230100,6
932,38.94588176870,-77.05536805150,17
933,38.94588386430,-77.05075380170,14
934,38.94588577780,-77.04613955160,3
935,38.94588750920,-77.04152530130,32
936,38.94588905840,-77.03691105080,91
937,38.94589042550,-77.03229680010,82
938,38.94589161050,-77.02768254920,76
939,38.94589261330,-77.02306829820,83
940,38.94589343400,-77.01845404710,94
941,38.94589407260,-77.01383979590,59
942,38.94589452900,-77.00922554460,53
943,38.94589480330,-77.00461129320,44
944,38.94589489550,-76.99999704190,12
945,38.94589481160,-76.99538279000,47
946,38.94589454550,-76.99076853820,71
947,38.94589409730,-76.98615428640,33
948,38.94589346700,-76.98154003470,42
949,38.94945410990,-77.10151566530,18
950,38.94945802690,-77.09690118650,59
951,38.94946176190,-77.09228670730,60
952,38.94946531470,-77.08767222750,66
953,38.94946868530,-77.08305774730,79
954,38.94947187380,-77.07844326670,54
955,38.94947488020,-77.07382878560,56
956,38.94947770440,-77.06921430420,49
957,38.94948034650,-77.06459982250,38
958,38.94948280650,-77.05998534040,25
959,38.94948508430,-77.05537085800,30
960,38.94948717990,-77.05075637530,8
961,38.94948909340,-77.04614189240,3
962,38.94949082480,-77.04152740920,19
963,38.94949237410,-77.03691292580,66
964,38.94949374120,-77.03229844220,59
965,38.94949492610,-77.02768395850,82
966,38.94949592890,-77.02306947460,110
967,38.94949674960,-77.01845499060,76
968,38.94949738810,-77.01384050650,63
969,38.94949784450,-77.00922602230,58
970,38.94949811880,-77.00461153810,4
971,38.94949821090,-76.99999705390,37
972,38.94949812680,-76.99538256880,69
973,38.94949786060,-76.99076808380,66
974,38.94949741220,-76.98615359890,28
975,38.95306133930,-77.09690608940,24
976,38.95306507440,-77.09229137720,60
977,38.95306862730,-77.08767666450,67
978,38.95307199800,-77.08306195140,72
979,38.95307518660,-77.07844723790,35
980,38.95307819310,-77.07383252400,43
981,38.95308101740,-77.06921780970,66
982,38.95308365950,-77.06460309500,22
983,38.95308611950,-77.05998838000,23
984,38.95308839730,-77.05537366470,8
985,38.95309049300,-77.05075894920,2
986,38.95309240660,-77.04614423330,2
987,38.95309413800,-77.04152951730,4
988,38.95309568720,-77.03691480100,32
989,38.95309705430,-77.03230008450,41
990,38.95309823920,-77.02768536790,67
991,38.95309924200,-77.02307065110,79
992,38.95310006270,-77.01845593420,91
993,38.95310070120,-77.01384121720,69
994,38.95310115750,-77.00922650010,68
995,38.95310143170,-77.00461178300,10
996,38.95310152370,-76.99999706590,49
997,38.95310143950,-76.99538234770,49
998,38.95310117310,-76.99076762940,56
999,38.95666838430,-77.09229604760,26
1000,38.95667193730,-77.08768110200,57
1001,38.95667530820,-77.08306615600,64
1002,38.95667849690,-77.07845120960,80
1003,38.95668150340,-77.07383626270,63
1004,38.95668432770,-77.06922131550,61
1005,38.95668696990,-77.06460636790,37
1006,38.95668943000,-77.05999142000,11
1007,38.95669170790,-77.05537647180,5
1008,38.95669380360,-77.05076152330,21
1009,38.95669571720,-77.04614657450,1
1010,38.95669744860,-77.04153162560,3
1011,38.95669899780,-77.03691667640,35
1012,38.95670036490,-77.03230172700,65
1013,38.95670154980,-77.02768677740,87
1014,38.95670255260,-77.02307182770,90
1015,38.95670337320,-77.01845687790,92
1016,38.95670401160,-77.01384192800,112
1017,38.95670446790,-77.00922697800,99
1018,38.95670474200,-77.00461202800,37
1019,38.95670483400,-76.99999707790,56
1020,38.95670474970,-76.99538212640,69
1021,38.96027524480,-77.08768554000,17
1022,38.96027861580,-77.08307036100,62
1023,38.96028180460,-77.07845518160,76
1024,38.96028481110,-77.07384000180,69
1025,38.96028763560,-77.06922482170,78
1026,38.96029027780,-77.06460964110,63
1027,38.96029273790,-77.05999446030,30
1028,38.96029501590,-77.05537927910,8
1029,38.96029711160,-77.05076409770,14
1030,38.96029902520,-77.04614891600,7
1031,38.96030075660,-77.04153373410,13
1032,38.96030230590,-77.03691855190,56
1033,38.96030367290,-77.03230336960,65
1034,38.96030485780,-77.02768818710,40
1035,38.96030586060,-77.02307300440,95
1036,38.96030668120,-77.01845782170,106
1037,38.96030731960,-77.01384263880,45
1038,38.96030777580,-77.00922745590,54
1039,38.96030804990,-77.00461227290,62
1040,38.96030814180,-76.99999708990,59
1041,38.96388192080,-77.08307456640,14
1042,38.96388510970,-77.07845915410,78
1043,38.96388811640,-77.07384374130,41
1044,38.96389094090,-77.06922832820,67
1045,38.96389358320,-77.06461291470,87
1046,38.96389604330,-77.05999750090,45
1047,38.96389832130,-77.05538208680,16
1048,38.96390041710,-77.05076667230,2
1049,38.96390233070,-77.04615125770,1
1050,38.96390406210,-77.04153584280,3
1051,38.96390561130,-77.03692042770,37
1052,38.96390697840,-77.03230501240,47
1053,38.96390816330,-77.02768959690,58
1054,38.96390916600,-77.02307418130,107
1055,38.96390998660,-77.01845876560,90
1056,38.96391062490,-77.01384334970,55
1057,38.96391108110,-77.00922793380,49
1058,38.96391135510,-77.00461251790,79
1059,38.96748841220,-77.07846312690,31
1060,38.96749141900,-77.07384748120,52
1061,38.96749424350,-77.06923183500,43
1062,38.96749688590,-77.06461618860,75
1063,38.96749934610,-77.06000054180,36
1064,38.96750162410,-77.05538489470,21
1065,38.96750371990,-77.05076924730,1
1066,38.96750563360,-77.04615359960,3
1067,38.96750736500,-77.04153795170,0
1068,38.96750891430,-77.03692230360,36
1069,38.96751028130,-77.03230665530,39
1070,38.96751146620,-77.02769100680,95
1071,38.96751246890,-77.02307535820,142
1072,38.96751328940,-77.01845970950,48
1073,38.96751392770,-77.01384406070,48
1074,38.96751438390,-77.00922841180,67
1075,38.97109471900,-77.07385122140,20
1076,38.97109754360,-77.06923534230,37
1077,38.97110018610,-77.06461946280,65
1078,38.97110264630,-77.06000358300,46
1079,38.97110492440,-77.05538770280,35
1080,38.97110702020,-77.05077182240,1
1081,38.97110893390,-77.04615594180,2
1082,38.97111066530,-77.04154006080,3
1083,38.97111221460,-77.03692417970,28
1084,38.97111358160,-77.03230829840,50
1085,38.97111476650,-77.02769241690,66
1086,38.97111576920,-77.02307653530,97
1087,38.97111658960,-77.01846065360,44
1088,38.97111722790,-77.01384477180,59
1089,38.97470084110,-77.06923884990,13
1090,38.97470348360,-77.06462273730,48
1091,38.97470594390,-77.06000662450,30
1092,38.97470822200,-77.05539051130,20
1093,38.97471031790,-77.05077439790,3
1094,38.97471223150,-77.04615828410,0
1095,38.97471396300,-77.04154217020,3
1096,38.97471551230,-77.03692605600,13
1097,38.97471687930,-77.03230994170,22
1098,38.97471806420,-77.02769382720,40
1099,38.97471906680,-77.02307771250,54
1100,38.97471988730,-77.01846159780,41
1101,38.97830677860,-77.06462601220,14
1102,38.97830923890,-77.06000966630,15
1103,38.97831151700,-77.05539332000,13
1104,38.97831361290,-77.05077697350,8
1105,38.97831552660,-77.04616062680,1
1106,38.97831725810,-77.04154427980,1
1107,38.97831880740,-77.03692793250,22
1108,38.97832017440,-77.03231158510,49
1109,38.97832135930,-77.02769523760,69
1110,38.97832236190,-77.02307888980,62
1111,38.98191253120,-77.06001270840,9
1112,38.98191480940,-77.05539612910,18
1113,38.98191690530,-77.05077954950,6
1114,38.98191881910,-77.04616296960,3
1115,38.98192055050,-77.04154638950,9
1116,38.98192209980,-77.03692980920,44
1117,38.98192346690,-77.03231322870,69
1118,38.98192465170,-77.02769664810,71
1119,38.98551809910,-77.05539893840,9
1120,38.98552019510,-77.05078212570,2
1121,38.98552210880,-77.04616531270,16
1122,38.98552384030,-77.04154849950,25
1123,38.98552538960,-77.03693168610,36
1124,38.98552675670,-77.03231487250,61
1125,38.98912348220,-77.05078470220,0
1126,38.98912539600,-77.04616765610,25
1127,38.98912712750,-77.04155060970,25
1128,38.98912867680,-77.03693356320,45
1129,38.99272868040,-77.04616999960,6
1130,38.99273041190,-77.04155272010,15
1131,38.99633196220,-77.04617234340,0
